egg_TaijinPrice,Duckegg_TNN_TaijinPrice,入中雞雛數,產蛋隻數,均  日     產蛋箱數,淘汰隻數,目  前         換羽隻數,Date,WhiteChickQuantity,RedChickQuantity,ImportChickenQuantity, 玉米粒, 黃豆粉 ,玉米粉 ,脫殼豆粉,高蛋白豆粉,StationName,AirTemperatureMean,AirTemperatureMax,Precipitation
24.5,32.0,1247145.0,33548211.0,121875.0,1331541.0,958692.0,2021-01-01,297000,88600,35940.0,8.3,16.0,8.35,17.2,17.25,竹子湖,11.0,24.8,0.0
24.5,32.0,1247145.0,33548211.0,121875.0,1331541.0,958692.0,2021-01-02,297000,88600,35940.0,8.3,16.0,8.35,17.2,17.25,竹子湖,11.0,24.8,1.0
24.5,32.0,1247145.0,33548211.0,121875.0,1331541.0,958692.0,2021-01-03,297000,88600,35940.0,8.3,16.0,8.35,17.2,17.25,竹子湖,11.0,24.8,5.5
24.5,32.0,1247145.0,33548211.0,121875.0,1331541.0,958692.0,2021-01-04,297000,88600,35940.0,8.3,16.0,8.35,17.2,17.25,竹子湖,11.0,24.8,27.0
24.5,32.0,1247145.0,33548211.0,121875.0,1331541.0,958692.0,2021-01-05,297000,88600,35940.0,8.5,16.2,8.5,17.2,17.25,竹子湖,11.0,24.8,37.0
26.5,32.0,1247145.0,33548211.0,121875.0,1331541.0,958692.0,2021-01-06,297000,88600,35940.0,8.7,16.2,8.65,17.2,17.4,竹子湖,11.0,24.8,39.5
26.5,32.0,1247145.0,33548211.0,121875.0,1331541.0,958692.0,2021-01-07,297000,88600,35940.0,9.25,17.3,8.75,17.2,17.5,竹子湖,11.0,24.8,79.0
26.5,32.0,1247145.0,33548211.0,121875.0,1331541.0,958692.0,2021-01-08,310700,61800,35940.0,8.8,16.3,8.92,17.2,18.5,竹子湖,11.0,24.8,31.0
26.5,32.0,1247145.0,33548211.0,121875.0,1331541.0,958692.0,2021-01-09,310700,61800,35940.0,8.8,16.3,8.92,17.2,18.5,竹子湖,11.0,24.8,0.0
26.5,32.0,1247145.0,33548211.0,121875.0,1331541.0,958692.0,2021-01-10,310700,61800,35940.0,8.8,16.3,8.92,17.2,17.85,竹子湖,11.0,24.8,0.5
26.5,32.0,1247145.0,33548211.0,121875.0,1331541.0,958692.0,2021-01-11,310700,61800,35940.0,8.9,16.7,8.87,17.2,17.85,竹子湖,11.0,24.8,33.5
26.5,32.0,1247145.0,33548211.0,121875.0,1331541.0,958692.0,2021-01-12,310700,61800,35940.0,8.85,16.7,8.87,17.2,17.9,竹子湖,11.0,24.8,3.0
28.5,32.0,1247145.0,33548211.0,121875.0,1331541.0,958692.0,2021-01-13,310700,61800,35940.0,9.1,17.3,8.87,17.2,18.25,竹子湖,11.0,24.8,0.0
28.5,32.0,1247145.0,33548211.0,121875.0,1331541.0,958692.0,2021-01-14,310700,61800,35940.0,9.25,17.3,8.92,17.2,18.5,竹子湖,11.0,24.8,0.0
28.5,32.0,1247145.0,33548211.0,121875.0,1331541.0,958692.0,2021-01-15,330600,73100,35940.0,9.3,17.62,8.95,17.2,18.82,竹子湖,11.0,24.8,0.0
28.5,32.0,1247145.0,33548211.0,121875.0,1331541.0,958692.0,2021-01-16,330600,73100,35940.0,9.3,17.62,8.95,17.2,18.82,竹子湖,11.0,24.8,32.0
28.5,32.0,1247145.0,33548211.0,121875.0,1331541.0,958692.0,2021-01-17,330600,73100,35940.0,9.35,17.9,8.98,17.2,19.1,竹子湖,11.0,24.8,40.5
28.5,32.0,1247145.0,33548211.0,121875.0,1331541.0,958692.0,2021-01-18,330600,73100,35940.0,9.35,17.9,8.98,17.2,19.1,竹子湖,11.0,24.8,0.0
28.5,32.0,1247145.0,33548211.0,121875.0,1331541.0,958692.0,2021-01-19,330600,73100,35940.0,9.35,18.0,9.25,17.2,19.2,竹子湖,11.0,24.8,0.0
28.5,32.0,1247145.0,33548211.0,121875.0,1331541.0,958692.0,2021-01-20,330600,73100,35940.0,9.35,18.1,9.3,17.2,19.3,竹子湖,11.0,24.8,0.0
28.5,32.0,1247145.0,33548211.0,121875.0,1331541.0,958692.0,2021-01-21,330600,73100,35940.0,9.35,18.1,9.35,17.2,19.46,竹子湖,11.0,24.8,0.0
28.5,32.0,1247145.0,33548211.0,121875.0,1331541.0,958692.0,2021-01-22,300700,60050,35940.0,9.4,18.3,9.4,17.2,19.7,竹子湖,11.0,24.8,1.0
28.5,32.0,1247145.0,33548211.0,121875.0,1331541.0,958692.0,2021-01-23,300700,60050,35940.0,9.4,18.3,9.4,17.2,19.7,竹子湖,11.0,24.8,3.0
28.5,32.0,1247145.0,33548211.0,121875.0,1331541.0,958692.0,2021-01-24,300700,60050,35940.0,9.4,18.5,9.45,17.2,19.8,竹子湖,11.0,24.8,1.0
28.5,32.0,1247145.0,33548211.0,121875.0,1331541.0,958692.0,2021-01-25,300700,60050,35940.0,9.4,18.5,9.45,17.2,19.8,竹子湖,11.0,24.8,0.0
28.5,32.0,1247145.0,33548211.0,121875.0,1331541.0,958692.0,2021-01-26,300700,60050,35940.0,9.4,18.5,9.48,17.2,20.0,竹子湖,11.0,24.8,3.5
28.5,32.0,1247145.0,33548211.0,121875.0,1331541.0,958692.0,2021-01-27,300700,60050,35940.0,9.45,19.0,9.48,17.2,20.3,竹子湖,11.0,24.8,8.5
28.5,32.0,1247145.0,33548211.0,121875.0,1331541.0,958692.0,2021-01-28,300700,60050,35940.0,9.45,19.0,9.53,17.2,20.4,竹子湖,11.0,24.8,0.5
28.5,32.0,1247145.0,33548211.0,121875.0,1331541.0,958692.0,2021-01-29,326700,32600,35940.0,9.45,19.1,9.56,17.2,20.4,竹子湖,11.0,24.8,0.0
28.5,32.0,1247145.0,33548211.0,121875.0,1331541.0,958692.0,2021-01-30,326700,32600,35940.0,9.45,19.1,9.56,17.2,20.4,竹子湖,11.0,24.8,0.0
28.5,32.0,1247145.0,33548211.0,121875.0,1331541.0,958692.0,2021-01-31,326700,32600,35940.0,9.45,19.3,9.58,17.2,20.6,竹子湖,11.0,24.8,0.0
28.5,32.0,1243095.0,32359409.0,117268.0,1186367.0,2510204.0,2021-02-01,294300,59400,25413.0,9.45,19.3,9.58,17.2,20.6,竹子湖,14.6,22.9,0.0
25.5,32.0,1243095.0,32359409.0,117268.0,1186367.0,2510204.0,2021-02-02,294300,59400,25413.0,9.45,19.3,9.58,17.2,20.6,竹子湖,14.6,22.9,2.5
休市,休市,1243095.0,32359409.0,117268.0,1186367.0,2510204.0,2021-02-03,294300,59400,25413.0,9.45,19.3,9.58,17.2,20.6,竹子湖,14.6,22.9,0.0
休市,休市,1243095.0,32359409.0,117268.0,1186367.0,2510204.0,2021-02-04,294300,59400,25413.0,9.45,19.3,9.58,17.2,20.6,竹子湖,14.6,22.9,0.0
休市,休市,1243095.0,32359409.0,117268.0,1186367.0,2510204.0,2021-02-05,294300,59400,25413.0,9.45,19.3,9.58,17.2,20.6,竹子湖,14.6,22.9,0.0
休市,休市,1243095.0,32359409.0,117268.0,1186367.0,2510204.0,2021-02-06,294300,59400,25413.0,9.45,19.3,9.58,17.2,20.6,竹子湖,14.6,22.9,0.0
休市,休市,1243095.0,32359409.0,117268.0,1186367.0,2510204.0,2021-02-07,294300,59400,25413.0,9.45,19.3,9.58,17.2,20.6,竹子湖,14.6,22.9,0.0
休市,休市,1243095.0,32359409.0,117268.0,1186367.0,2510204.0,2021-02-08,210000,41400,25413.0,9.45,19.3,9.58,17.2,20.6,竹子湖,14.6,22.9,14.0
休市,休市,1243095.0,32359409.0,117268.0,1186367.0,2510204.0,2021-02-09,210000,41400,25413.0,9.45,19.3,9.58,17.2,20.7,竹子湖,14.6,22.9,5.5
休市,休市,1243095.0,32359409.0,117268.0,1186367.0,2510204.0,2021-02-10,210000,41400,25413.0,9.45,19.3,9.58,17.2,20.7,竹子湖,14.6,22.9,15.5
23.5,32.0,1243095.0,32359409.0,117268.0,1186367.0,2510204.0,2021-02-11,210000,41400,25413.0,9.45,19.3,9.58,17.2,20.7,竹子湖,14.6,22.9,32.5
23.5,32.0,1243095.0,32359409.0,117268.0,1186367.0,2510204.0,2021-02-12,210000,41400,25413.0,9.45,19.3,9.58,17.2,20.7,竹子湖,14.6,22.9,88.5
23.5,32.0,1243095.0,32359409.0,117268.0,1186367.0,2510204.0,2021-02-13,210000,41400,25413.0,9.45,19.3,9.58,17.2,20.7,竹子湖,14.6,22.9,35.5
23.5,32.0,1243095.0,32359409.0,117268.0,1186367.0,2510204.0,2021-02-14,210000,41400,25413.0,9.45,19.3,9.58,17.2,20.7,竹子湖,14.6,22.9,0.0
23.5,32.0,1243095.0,32359409.0,117268.0,1186367.0,2510204.0,2021-02-15,367800,72600,25413.0,9.45,19.3,9.58,17.2,20.7,竹子湖,14.6,22.9,0.0
23.5,32.0,1243095.0,32359409.0,117268.0,1186367.0,2510204.0,2021-02-16,367800,72600,25413.0,9.45,19.3,9.58,17.2,20.7,竹子湖,14.6,22.9,3.0
23.5,32.0,1243095.0,32359409.0,117268.0,1186367.0,2510204.0,2021-02-17,367800,72600,25413.0,9.45,19.4,9.58,17.2,20.7,竹子湖,14.6,22.9,9.0
28.5,32.0,1243095.0,32359409.0,117268.0,1186367.0,2510204.0,2021-02-18,367800,72600,25413.0,9.45,19.4,9.58,17.2,20.7,竹子湖,14.6,22.9,0.0
28.5,32.0,1243095.0,32359409.0,117268.0,1186367.0,2510204.0,2021-02-19,367800,72600,25413.0,9.4,19.4,9.58,17.2,20.67,竹子湖,14.6,22.9,0.0
28.5,32.0,1243095.0,32359409.0,117268.0,1186367.0,2510204.0,2021-02-20,367800,72600,25413.0,9.35,19.4,9.58,17.2,20.67,竹子湖,14.6,22.9,0.0
28.5,32.0,1243095.0,32359409.0,117268.0,1186367.0,2510204.0,2021-02-21,367800,72600,25413.0,9.35,19.4,9.58,17.2,20.67,竹子湖,14.6,22.9,0.0
28.5,32.0,1243095.0,32359409.0,117268.0,1186367.0,2510204.0,2021-02-22,305000,78100,25413.0,9.35,19.4,9.55,17.2,20.67,竹子湖,14.6,22.9,0.0
28.5,32.0,1243095.0,32359409.0,117268.0,1186367.0,2510204.0,2021-02-23,305000,78100,25413.0,9.4,19.4,9.55,17.2,20.4,竹子湖,14.6,22.9,5.0
28.5,32.0,1243095.0,32359409.0,117268.0,1186367.0,2510204.0,2021-02-24,305000,78100,25413.0,9.4,19.2,9.55,17.2,20.45,竹子湖,14.6,22.9,1.5
28.5,32.0,1243095.0,32359409.0,117268.0,1186367.0,2510204.0,2021-02-25,305000,78100,25413.0,9.4,19.2,9.55,17.2,20.45,竹子湖,14.6,22.9,0.0
28.5,32.0,1243095.0,32359409.0,117268.0,1186367.0,2510204.0,2021-02-26,305000,78100,25413.0,9.4,19.2,9.55,17.2,20.45,竹子湖,14.6,22.9,T
28.5,32.0,1243095.0,32359409.0,117268.0,1186367.0,2510204.0,2021-02-27,305000,78100,25413.0,9.0,17.1,9.4,20.2,18.35,竹子湖,14.6,22.9,18.0
28.5,32.0,1243095.0,32359409.0,117268.0,1186367.0,2510204.0,2021-02-28,305000,78100,25413.0,9.0,17.1,9.4,20.2,18.35,竹子湖,14.6,22.9,0.0
28.5,32.0,1478907.0,33403840.0,120210.0,1289195.0,956538.0,2021-03-01,343900,64700,52810.0,9.0,17.1,9.4,20.2,18.35,竹子湖,16.2,25.9,0.0
28.5,32.0,1478907.0,33403840.0,120210.0,1289195.0,956538.0,2021-03-02,343900,64700,52810.0,9.35,19.1,9.55,20.2,20.2,竹子湖,16.2,25.9,34.5
30.5,32.0,1478907.0,33403840.0,120210.0,1289195.0,956538.0,2021-03-03,343900,64700,52810.0,9.35,19.1,9.55,22.1,20.2,竹子湖,16.2,25.9,2.0
30.5,32.0,1478907.0,33403840.0,120210.0,1289195.0,956538.0,2021-03-04,343900,64700,52810.0,9.3,18.9,9.55,22.1,19.9,竹子湖,16.2,25.9,1.5
30.5,32.0,1478907.0,33403840.0,120210.0,1289195.0,956538.0,2021-03-05,343900,64700,52810.0,9.3,18.8,9.53,22.1,19.8,竹子湖,16.2,25.9,0.5
30.5,32.0,1478907.0,33403840.0,120210.0,1289195.0,956538.0,2021-03-06,343900,64700,52810.0,9.3,18.8,9.53,22.1,19.8,竹子湖,16.2,25.9,32.5
30.5,32.0,1478907.0,33403840.0,120210.0,1289195.0,956538.0,2021-03-07,343900,64700,52810.0,9.3,18.8,9.53,22.1,19.8,竹子湖,16.2,25.9,3.5
30.5,32.0,1478907.0,33403840.0,120210.0,1289195.0,956538.0,2021-03-08,279400,68000,52810.0,9.25,18.5,9.53,21.5,19.78,竹子湖,16.2,25.9,1.5
30.5,32.0,1478907.0,33403840.0,120210.0,1289195.0,956538.0,2021-03-09,279400,68000,52810.0,9.25,18.3,9.53,21.4,19.62,竹子湖,16.2,25.9,1.0
30.5,32.0,1478907.0,33403840.0,120210.0,1289195.0,956538.0,2021-03-10,279400,68000,52810.0,9.2,18.2,9.53,21.4,19.52,竹子湖,16.2,25.9,1.5
30.5,32.0,1478907.0,33403840.0,120210.0,1289195.0,956538.0,2021-03-11,279400,68000,52810.0,9.15,18.1,9.5,21.3,19.2,竹子湖,16.2,25.9,0.5
30.5,32.0,1478907.0,33403840.0,120210.0,1289195.0,956538.0,2021-03-12,279400,68000,52810.0,9.15,18.1,9.47,21.3,19.1,竹子湖,16.2,25.9,0.0
30.5,32.0,1478907.0,33403840.0,120210.0,1289195.0,956538.0,2021-03-13,279400,68000,52810.0,9.15,18.1,9.47,21.3,19.1,竹子湖,16.2,25.9,0.0
30.5,32.0,1478907.0,33403840.0,120210.0,1289195.0,956538.0,2021-03-14,279400,68000,52810.0,9.15,18.1,9.47,21.3,19.1,竹子湖,16.2,25.9,0.0
30.5,32.0,1478907.0,33403840.0,120210.0,1289195.0,956538.0,2021-03-15,302800,75300,52810.0,9.15,18.0,9.45,21.2,19.1,竹子湖,16.2,25.9,0.0
30.5,32.0,1478907.0,33403840.0,120210.0,1289195.0,956538.0,2021-03-16,302800,75300,52810.0,9.15,17.9,9.45,21.1,19.0,竹子湖,16.2,25.9,0.0
30.5,32.0,1478907.0,33403840.0,120210.0,1289195.0,956538.0,2021-03-17,302800,75300,52810.0,9.1,17.7,9.45,21.0,18.93,竹子湖,16.2,25.9,0.0
30.5,32.0,1478907.0,33403840.0,120210.0,1289195.0,956538.0,2021-03-18,302800,75300,52810.0,9.1,17.6,9.45,20.8,18.78,竹子湖,16.2,25.9,0.0
30.5,32.0,1478907.0,33403840.0,120210.0,1289195.0,956538.0,2021-03-19,302800,75300,52810.0,9.1,17.3,9.45,20.5,18.55,竹子湖,16.2,25.9,0.0
30.5,32.0,1478907.0,33403840.0,120210.0,1289195.0,956538.0,2021-03-20,302800,75300,52810.0,9.1,17.3,9.45,20.5,18.55,竹子湖,16.2,25.9,0.0
30.5,32.0,1478907.0,33403840.0,120210.0,1289195.0,956538.0,2021-03-21,302800,75300,52810.0,9.05,17.3,9.4,20.3,18.55,竹子湖,16.2,25.9,11.5
30.5,34.0,1478907.0,33403840.0,120210.0,1289195.0,956538.0,2021-03-22,301000,53200,52810.0,9.05,17.3,9.4,20.3,18.55,竹子湖,16.2,25.9,22.0
30.5,34.0,1478907.0,33403840.0,120210.0,1289195.0,956538.0,2021-03-23,301000,53200,52810.0,9.0,17.1,9.4,20.2,18.35,竹子湖,16.2,25.9,1.5
32.5,34.0,1478907.0,33403840.0,120210.0,1289195.0,956538.0,2021-03-24,301000,53200,52810.0,8.95,17.0,9.35,20.2,18.24,竹子湖,16.2,25.9,26.5
32.5,34.0,1478907.0,33403840.0,120210.0,1289195.0,956538.0,2021-03-25,301000,53200,52810.0,8.9,16.9,9.3,20.1,18.1,竹子湖,16.2,25.9,0.0
32.5,34.0,1478907.0,33403840.0,120210.0,1289195.0,956538.0,2021-03-26,301000,53200,52810.0,8.9,16.8,9.2,20.1,17.9,竹子湖,16.2,25.9,0.0
32.5,34.0,1478907.0,33403840.0,120210.0,1289195.0,956538.0,2021-03-27,301000,53200,52810.0,8.9,16.8,9.2,20.1,17.9,竹子湖,16.2,25.9,0.0
32.5,34.0,1478907.0,33403840.0,120210.0,1289195.0,956538.0,2021-03-28,301000,53200,52810.0,8.85,16.5,9.2,19.8,17.75,竹子湖,16.2,25.9,0.0
32.5,34.0,1478907.0,33403840.0,120210.0,1289195.0,956538.0,2021-03-29,301000,53200,52810.0,8.85,16.5,9.2,19.8,17.75,竹子湖,16.2,25.9,0.0
32.5,34.0,1478907.0,33403840.0,120210.0,1289195.0,956538.0,2021-03-30,301000,53200,52810.0,8.8,16.4,9.17,19.8,17.53,竹子湖,16.2,25.9,0.0
32.5,34.0,1478907.0,33403840.0,120210.0,1289195.0,956538.0,2021-03-31,301000,53200,52810.0,8.75,16.3,9.12,19.8,17.38,竹子湖,16.2,25.9,1.0
32.5,34.0,1615089.0,34305172.0,125175.0,1007359.0,773290.0,2021-04-01,325000,64600,0.0,8.9,16.4,9.07,19.6,17.55,竹子湖,17.6,26.5,0.0
32.5,34.0,1615089.0,34305172.0,125175.0,1007359.0,773290.0,2021-04-02,325000,64600,0.0,8.9,16.4,9.07,19.6,17.55,竹子湖,17.6,26.5,0.0
32.5,34.0,1615089.0,34305172.0,125175.0,1007359.0,773290.0,2021-04-03,325000,64600,0.0,8.9,16.4,9.07,19.6,17.55,竹子湖,17.6,26.5,0.0
32.5,34.0,1615089.0,34305172.0,125175.0,1007359.0,773290.0,2021-04-04,325000,64600,0.0,8.9,16.4,9.17,19.6,17.48,竹子湖,17.6,26.5,0.0
32.5,34.0,1615089.0,34305172.0,125175.0,1007359.0,773290.0,2021-04-05,325000,64600,0.0,8.9,16.4,9.17,19.6,17.48,竹子湖,17.6,26.5,0.0
32.5,34.0,1615089.0,34305172.0,125175.0,1007359.0,773290.0,2021-04-06,325000,64600,0.0,8.9,16.4,9.17,19.6,17.48,竹子湖,17.6,26.5,0.0
32.5,34.0,1615089.0,34305172.0,125175.0,1007359.0,773290.0,2021-04-07,325000,64600,0.0,8.9,16.4,9.2,19.6,17.48,竹子湖,17.6,26.5,0.0
32.5,34.0,1615089.0,34305172.0,125175.0,1007359.0,773290.0,2021-04-08,314000,56100,0.0,8.9,16.3,9.22,19.6,17.43,竹子湖,17.6,26.5,1.0
32.5,34.0,1615089.0,34305172.0,125175.0,1007359.0,773290.0,2021-04-09,314000,56100,0.0,8.9,16.3,9.22,19.6,17.43,竹子湖,17.6,26.5,1.5
32.5,34.0,1615089.0,34305172.0,125175.0,1007359.0,773290.0,2021-04-10,314000,56100,0.0,8.9,16.3,9.22,19.6,17.43,竹子湖,17.6,26.5,0.0
32.5,34.0,1615089.0,34305172.0,125175.0,1007359.0,773290.0,2021-04-11,314000,56100,0.0,8.95,16.2,9.22,19.6,17.38,竹子湖,17.6,26.5,0.0
32.5,34.0,1615089.0,34305172.0,125175.0,1007359.0,773290.0,2021-04-12,314000,56100,0.0,8.95,16.2,9.22,19.6,17.38,竹子湖,17.6,26.5,0.0
32.5,34.0,1615089.0,34305172.0,125175.0,1007359.0,773290.0,2021-04-13,314000,56100,0.0,8.9,16.1,9.27,19.6,17.27,竹子湖,17.6,26.5,0.0
32.5,34.0,1615089.0,34305172.0,125175.0,1007359.0,773290.0,2021-04-14,314000,56100,0.0,8.95,16.1,9.27,19.5,17.27,竹子湖,17.6,26.5,0.0
32.5,34.0,1615089.0,34305172.0,125175.0,1007359.0,773290.0,2021-04-15,317700,65200,0.0,9.0,16.1,9.27,19.5,17.2,竹子湖,17.6,26.5,0.0
32.5,34.0,1615089.0,34305172.0,125175.0,1007359.0,773290.0,2021-04-16,317700,65200,0.0,9.0,16.0,9.3,19.5,17.1,竹子湖,17.6,26.5,0.0
32.5,34.0,1615089.0,34305172.0,125175.0,1007359.0,773290.0,2021-04-17,317700,65200,0.0,9.0,16.0,9.3,19.5,17.1,竹子湖,17.6,26.5,0.0
32.5,34.0,1615089.0,34305172.0,125175.0,1007359.0,773290.0,2021-04-18,317700,65200,0.0,9.0,16.0,9.3,19.5,17.1,竹子湖,17.6,26.5,0.0
32.5,34.0,1615089.0,34305172.0,125175.0,1007359.0,773290.0,2021-04-19,317700,65200,0.0,9.0,16.0,9.3,19.5,17.1,竹子湖,17.6,26.5,0.0
30.5,34.0,1615089.0,34305172.0,125175.0,1007359.0,773290.0,2021-04-20,317700,65200,0.0,9.0,16.0,9.3,19.5,17.1,竹子湖,17.6,26.5,0.0
30.5,34.0,1615089.0,34305172.0,125175.0,1007359.0,773290.0,2021-04-21,317700,65200,0.0,9.05,16.0,,19.5,17.0,竹子湖,17.6,26.5,2.5
30.5,34.0,1615089.0,34305172.0,125175.0,1007359.0,773290.0,2021-04-22,311700,47300,0.0,9.2,16.0,9.33,19.5,17.0,竹子湖,17.6,26.5,0.5
30.5,34.0,1615089.0,34305172.0,125175.0,1007359.0,773290.0,2021-04-23,311700,47300,0.0,9.45,16.0,9.45,19.5,17.05,竹子湖,17.6,26.5,1.5
30.5,34.0,1615089.0,34305172.0,125175.0,1007359.0,773290.0,2021-04-24,311700,47300,0.0,9.45,16.0,9.45,19.5,17.05,竹子湖,17.6,26.5,4.5
30.5,34.0,1615089.0,34305172.0,125175.0,1007359.0,773290.0,2021-04-25,311700,47300,0.0,9.7,16.2,9.58,19.6,17.2,竹子湖,17.6,26.5,1.0
30.5,34.0,1615089.0,34305172.0,125175.0,1007359.0,773290.0,2021-04-26,311700,47300,0.0,9.7,16.2,9.58,19.6,17.2,竹子湖,17.6,26.5,0.5
30.5,34.0,1615089.0,34305172.0,125175.0,1007359.0,773290.0,2021-04-27,311700,47300,0.0,9.85,16.2,9.68,19.7,17.25,竹子湖,17.6,26.5,0.5
30.5,34.0,1615089.0,34305172.0,125175.0,1007359.0,773290.0,2021-04-28,311700,47300,0.0,10.0,16.2,9.86,19.7,17.25,竹子湖,17.6,26.5,16.0
30.5,34.0,1615089.0,34305172.0,125175.0,1007359.0,773290.0,2021-04-29,311700,47300,0.0,9.95,16.2,9.96,19.7,17.2,竹子湖,17.6,26.5,15.5
30.5,34.0,1615089.0,34305172.0,125175.0,1007359.0,773290.0,2021-04-30,311700,47300,0.0,9.95,16.2,9.96,19.7,17.2,竹子湖,17.6,26.5,0.0
30.5,34.0,1382782.0,32738367.0,118201.0,1379137.0,2039983.0,2021-05-01,304800,64600,18080.0,9.95,16.2,9.96,19.7,17.2,竹子湖,23.6,31.6,0.0
30.5,34.0,1382782.0,32738367.0,118201.0,1379137.0,2039983.0,2021-05-02,304800,64600,18080.0,10.2,16.2,9.99,19.7,17.3,竹子湖,23.6,31.6,0.0
30.5,34.0,1382782.0,32738367.0,118201.0,1379137.0,2039983.0,2021-05-03,304800,64600,18080.0,10.2,16.2,9.99,19.7,17.3,竹子湖,23.6,31.6,0.0
28.5,34.0,1382782.0,32738367.0,118201.0,1379137.0,2039983.0,2021-05-04,304800,64600,18080.0,10.2,16.2,10.09,19.7,17.3,竹子湖,23.6,31.6,0.0
28.5,34.0,1382782.0,32738367.0,118201.0,1379137.0,2039983.0,2021-05-05,304800,64600,18080.0,10.25,16.2,10.19,19.7,17.3,竹子湖,23.6,31.6,5.5
28.5,34.0,1382782.0,32738367.0,118201.0,1379137.0,2039983.0,2021-05-06,304800,64600,18080.0,10.35,16.2,10.28,19.7,17.3,竹子湖,23.6,31.6,0.0
28.5,34.0,1382782.0,32738367.0,118201.0,1379137.0,2039983.0,2021-05-07,304800,64600,18080.0,10.4,16.2,10.38,19.7,17.3,竹子湖,23.6,31.6,0.0
28.5,34.0,1382782.0,32738367.0,118201.0,1379137.0,2039983.0,2021-05-08,277600,57100,18080.0,10.4,16.2,10.38,19.7,17.3,竹子湖,23.6,31.6,0.0
28.5,34.0,1382782.0,32738367.0,118201.0,1379137.0,2039983.0,2021-05-09,277600,57100,18080.0,10.45,16.2,10.45,19.7,17.38,竹子湖,23.6,31.6,0.0
28.5,34.0,1382782.0,32738367.0,118201.0,1379137.0,2039983.0,2021-05-10,277600,57100,18080.0,10.45,16.2,10.45,19.7,17.38,竹子湖,23.6,31.6,0.0
28.5,34.0,1382782.0,32738367.0,118201.0,1379137.0,2039983.0,2021-05-11,277600,57100,18080.0,10.4,16.2,10.5,19.7,17.35,竹子湖,23.6,31.6,0.0
28.5,34.0,1382782.0,32738367.0,118201.0,1379137.0,2039983.0,2021-05-12,277600,57100,18080.0,10.4,16.2,10.5,19.7,17.38,竹子湖,23.6,31.6,0.0
28.5,34.0,1382782.0,32738367.0,118201.0,1379137.0,2039983.0,2021-05-13,277600,57100,18080.0,10.4,16.5,10.55,19.7,17.45,竹子湖,23.6,31.6,0.0
28.5,34.0,1382782.0,32738367.0,118201.0,1379137.0,2039983.0,2021-05-14,277600,57100,18080.0,10.3,16.18,10.5,19.7,17.38,竹子湖,23.6,31.6,0.0
28.5,34.0,1382782.0,32738367.0,118201.0,1379137.0,2039983.0,2021-05-15,251400,46200,18080.0,10.3,16.18,10.5,19.7,17.38,竹子湖,23.6,31.6,0.0
28.5,34.0,1382782.0,32738367.0,118201.0,1379137.0,2039983.0,2021-05-16,251400,46200,18080.0,10.2,16.2,10.45,19.7,17.38,竹子湖,23.6,31.6,0.0
28.5,34.0,1382782.0,32738367.0,118201.0,1379137.0,2039983.0,2021-05-17,251400,46200,18080.0,10.2,16.2,10.45,19.7,17.38,竹子湖,23.6,31.6,0.0
28.5,34.0,1382782.0,32738367.0,118201.0,1379137.0,2039983.0,2021-05-18,251400,46200,18080.0,10.3,16.2,10.45,19.7,17.38,竹子湖,23.6,31.6,0.0
28.5,34.0,1382782.0,32738367.0,118201.0,1379137.0,2039983.0,2021-05-19,251400,46200,18080.0,10.3,16.2,10.5,19.7,17.35,竹子湖,23.6,31.6,0.0
28.5,34.0,1382782.0,32738367.0,118201.0,1379137.0,2039983.0,2021-05-20,251400,46200,18080.0,10.3,16.2,10.5,19.7,17.35,竹子湖,23.6,31.6,0.0
28.5,34.0,1382782.0,32738367.0,118201.0,1379137.0,2039983.0,2021-05-21,251400,46200,18080.0,10.35,16.2,10.5,19.7,17.25,竹子湖,23.6,31.6,3.5
28.5,34.0,1382782.0,32738367.0,118201.0,1379137.0,2039983.0,2021-05-22,257600,73700,18080.0,10.35,16.2,10.5,19.7,17.25,竹子湖,23.6,31.6,0.0
28.5,34.0,1382782.0,32738367.0,118201.0,1379137.0,2039983.0,2021-05-23,257600,73700,18080.0,10.3,16.1,10.53,19.6,17.15,竹子湖,23.6,31.6,0.0
28.5,34.0,1382782.0,32738367.0,118201.0,1379137.0,2039983.0,2021-05-24,257600,73700,18080.0,10.3,16.1,10.53,19.6,17.15,竹子湖,23.6,31.6,0.0
25.5,34.0,1382782.0,32738367.0,118201.0,1379137.0,2039983.0,2021-05-25,257600,73700,18080.0,10.25,16.1,10.53,19.6,17.15,竹子湖,23.6,31.6,0.0
25.5,34.0,1382782.0,32738367.0,118201.0,1379137.0,2039983.0,2021-05-26,257600,73700,18080.0,10.15,16.0,10.48,19.6,17.05,竹子湖,23.6,31.6,0.0
25.5,34.0,1382782.0,32738367.0,118201.0,1379137.0,2039983.0,2021-05-27,257600,73700,18080.0,10.15,16.0,10.45,19.6,17.0,竹子湖,23.6,31.6,0.0
25.5,34.0,1382782.0,32738367.0,118201.0,1379137.0,2039983.0,2021-05-28,257600,73700,18080.0,10.25,16.0,10.5,19.6,17.05,竹子湖,23.6,31.6,0.0
25.5,34.0,1382782.0,32738367.0,118201.0,1379137.0,2039983.0,2021-05-29,276900,55500,18080.0,10.25,16.0,10.5,19.6,17.05,竹子湖,23.6,31.6,32.0
25.5,34.0,1382782.0,32738367.0,118201.0,1379137.0,2039983.0,2021-05-30,276900,55500,18080.0,10.2,15.9,10.53,19.6,17.0,竹子湖,23.6,31.6,52.5
25.5,34.0,1382782.0,32738367.0,118201.0,1379137.0,2039983.0,2021-05-31,276900,55500,18080.0,10.2,15.9,10.53,19.6,17.0,竹子湖,23.6,31.6,75.5
25.5,34.0,1250134.0,32229515.0,115956.0,1345716.0,1840861.0,2021-06-01,284000,52500,0.0,10.2,15.9,10.5,19.6,17.0,竹子湖,24.5,30.8,7.0
25.5,34.0,1250134.0,32229515.0,115956.0,1345716.0,1840861.0,2021-06-02,284000,52500,0.0,10.25,15.9,10.5,19.6,16.95,竹子湖,24.5,30.8,0.5
25.5,34.0,1250134.0,32229515.0,115956.0,1345716.0,1840861.0,2021-06-03,284000,52500,0.0,10.25,15.9,10.53,19.6,16.95,竹子湖,24.5,30.8,0.0
25.5,34.0,1250134.0,32229515.0,115956.0,1345716.0,1840861.0,2021-06-04,284000,52500,0.0,10.15,15.6,10.53,19.6,16.75,竹子湖,24.5,30.8,66.0
25.5,34.0,1250134.0,32229515.0,115956.0,1345716.0,1840861.0,2021-06-05,284000,52500,0.0,10.15,15.6,10.53,19.6,16.75,竹子湖,24.5,30.8,43.5
25.5,34.0,1250134.0,32229515.0,115956.0,1345716.0,1840861.0,2021-06-06,284000,52500,0.0,10.25,15.6,10.53,19.6,16.7,竹子湖,24.5,30.8,7.5
25.5,34.0,1250134.0,32229515.0,115956.0,1345716.0,1840861.0,2021-06-07,284000,52500,0.0,10.25,15.6,10.53,19.6,16.7,竹子湖,24.5,30.8,0.0
25.5,34.0,1250134.0,32229515.0,115956.0,1345716.0,1840861.0,2021-06-08,296300,70700,0.0,10.2,15.6,10.53,19.6,16.7,竹子湖,24.5,30.8,0.0
25.5,34.0,1250134.0,32229515.0,115956.0,1345716.0,1840861.0,2021-06-09,296300,70700,0.0,10.2,15.5,10.53,19.5,16.6,竹子湖,24.5,30.8,T
25.5,34.0,1250134.0,32229515.0,115956.0,1345716.0,1840861.0,2021-06-10,296300,70700,0.0,10.2,15.5,10.53,19.5,16.55,竹子湖,24.5,30.8,2.0
25.5,34.0,1250134.0,32229515.0,115956.0,1345716.0,1840861.0,2021-06-11,296300,70700,0.0,10.2,15.5,10.53,19.5,16.5,竹子湖,24.5,30.8,0.5
25.5,34.0,1250134.0,32229515.0,115956.0,1345716.0,1840861.0,2021-06-12,296300,70700,0.0,10.2,15.5,10.53,19.5,16.5,竹子湖,24.5,30.8,0.0
25.5,34.0,1250134.0,32229515.0,115956.0,1345716.0,1840861.0,2021-06-13,296300,70700,0.0,10.2,15.5,10.53,19.5,16.5,竹子湖,24.5,30.8,0.0
25.5,34.0,1250134.0,32229515.0,115956.0,1345716.0,1840861.0,2021-06-14,296300,70700,0.0,10.1,15.1,10.53,19.4,16.25,竹子湖,24.5,30.8,0.0
25.5,34.0,1250134.0,32229515.0,115956.0,1345716.0,1840861.0,2021-06-15,328100,50000,0.0,10.1,15.1,10.53,19.4,16.25,竹子湖,24.5,30.8,0.0
28.5,34.0,1250134.0,32229515.0,115956.0,1345716.0,1840861.0,2021-06-16,328100,50000,0.0,10.1,15.1,10.45,19.4,16.2,竹子湖,24.5,30.8,0.0
28.5,34.0,1250134.0,32229515.0,115956.0,1345716.0,1840861.0,2021-06-17,328100,50000,0.0,10.05,15.0,10.45,19.4,16.1,竹子湖,24.5,30.8,0.0
28.5,34.0,1250134.0,32229515.0,115956.0,1345716.0,1840861.0,2021-06-18,328100,50000,0.0,10.0,14.9,10.4,19.3,15.9,竹子湖,24.5,30.8,0.0
28.5,34.0,1250134.0,32229515.0,115956.0,1345716.0,1840861.0,2021-06-19,328100,50000,0.0,10.0,14.9,10.4,19.3,15.9,竹子湖,24.5,30.8,0.0
28.5,34.0,1250134.0,32229515.0,115956.0,1345716.0,1840861.0,2021-06-20,328100,50000,0.0,10.0,14.6,10.35,19.2,15.8,竹子湖,24.5,30.8,0.0
28.5,36.0,1250134.0,32229515.0,115956.0,1345716.0,1840861.0,2021-06-21,328100,50000,0.0,10.0,14.6,10.35,19.2,15.8,竹子湖,24.5,30.8,T
28.5,36.0,1250134.0,32229515.0,115956.0,1345716.0,1840861.0,2021-06-22,347700,75200,0.0,10.0,14.6,10.35,19.2,15.75,竹子湖,24.5,30.8,72.5
28.5,36.0,1250134.0,32229515.0,115956.0,1345716.0,1840861.0,2021-06-23,347700,75200,0.0,9.9,14.5,10.35,19.2,15.6,竹子湖,24.5,30.8,7.5
28.5,36.0,1250134.0,32229515.0,115956.0,1345716.0,1840861.0,2021-06-24,347700,75200,0.0,9.95,14.2,10.35,19.2,15.3,竹子湖,24.5,30.8,2.5
28.5,36.0,1250134.0,32229515.0,115956.0,1345716.0,1840861.0,2021-06-25,347700,75200,0.0,9.95,14.2,10.35,19.2,15.3,竹子湖,24.5,30.8,4.5
28.5,36.0,1250134.0,32229515.0,115956.0,1345716.0,1840861.0,2021-06-26,347700,75200,0.0,9.95,14.2,10.35,19.2,15.3,竹子湖,24.5,30.8,0.0
28.5,36.0,1250134.0,32229515.0,115956.0,1345716.0,1840861.0,2021-06-27,347700,75200,0.0,9.9,14.2,10.35,19.1,15.2,竹子湖,24.5,30.8,0.0
28.5,36.0,1250134.0,32229515.0,115956.0,1345716.0,1840861.0,2021-06-28,347700,75200,0.0,9.9,14.2,10.35,19.1,15.2,竹子湖,24.5,30.8,0.0
25.5,36.0,1250134.0,32229515.0,115956.0,1345716.0,1840861.0,2021-06-29,347700,75200,0.0,9.9,14.1,10.3,19.1,15.15,竹子湖,24.5,30.8,0.0
25.5,36.0,1250134.0,32229515.0,115956.0,1345716.0,1840861.0,2021-06-30,347700,75200,0.0,9.9,14.1,10.3,19.1,15.15,竹子湖,24.5,30.8,0.0
25.5,36.0,1326900.0,32502170.0,116117.0,1169195.0,1561786.0,2021-07-01,292600,69500,41796.0,9.9,14.2,10.3,19.2,15.3,竹子湖,25.1,31.7,0.0
25.5,36.0,1326900.0,32502170.0,116117.0,1169195.0,1561786.0,2021-07-02,292600,69500,41796.0,9.9,14.2,10.3,19.1,15.4,竹子湖,25.1,31.7,0.0
25.5,36.0,1326900.0,32502170.0,116117.0,1169195.0,1561786.0,2021-07-03,292600,69500,41796.0,9.9,14.2,10.3,19.1,15.4,竹子湖,25.1,31.7,0.0
25.5,36.0,1326900.0,32502170.0,116117.0,1169195.0,1561786.0,2021-07-04,292600,69500,41796.0,9.9,14.2,10.3,19.1,15.4,竹子湖,25.1,31.7,0.5
25.5,36.0,1326900.0,32502170.0,116117.0,1169195.0,1561786.0,2021-07-05,292600,69500,41796.0,9.9,14.2,10.3,19.1,15.3,竹子湖,25.1,31.7,0.0
25.5,36.0,1326900.0,32502170.0,116117.0,1169195.0,1561786.0,2021-07-06,292600,69500,41796.0,9.9,14.2,10.3,19.1,15.3,竹子湖,25.1,31.7,1.5
25.5,36.0,1326900.0,32502170.0,116117.0,1169195.0,1561786.0,2021-07-07,292600,69500,41796.0,9.85,14.2,10.28,19.1,15.25,竹子湖,25.1,31.7,1.0
25.5,36.0,1326900.0,32502170.0,116117.0,1169195.0,1561786.0,2021-07-08,286700,77100,41796.0,9.85,14.2,10.25,19.1,15.25,竹子湖,25.1,31.7,0.0
25.5,36.0,1326900.0,32502170.0,116117.0,1169195.0,1561786.0,2021-07-09,286700,77100,41796.0,9.75,14.2,10.25,19.1,15.25,竹子湖,25.1,31.7,0.0
25.5,36.0,1326900.0,32502170.0,116117.0,1169195.0,1561786.0,2021-07-10,286700,77100,41796.0,9.75,14.2,10.25,19.1,15.25,竹子湖,25.1,31.7,0.0
25.5,36.0,1326900.0,32502170.0,116117.0,1169195.0,1561786.0,2021-07-11,286700,77100,41796.0,9.75,14.2,10.25,19.1,15.25,竹子湖,25.1,31.7,0.0
25.5,36.0,1326900.0,32502170.0,116117.0,1169195.0,1561786.0,2021-07-12,286700,77100,41796.0,9.75,14.2,10.25,19.0,15.3,竹子湖,25.1,31.7,0.0
23.5,36.0,1326900.0,32502170.0,116117.0,1169195.0,1561786.0,2021-07-13,286700,77100,41796.0,9.75,14.2,10.25,19.0,15.3,竹子湖,25.1,31.7,1.5
23.5,36.0,1326900.0,32502170.0,116117.0,1169195.0,1561786.0,2021-07-14,286700,77100,41796.0,9.75,14.2,10.25,19.0,15.3,竹子湖,25.1,31.7,0.0
23.5,36.0,1326900.0,32502170.0,116117.0,1169195.0,1561786.0,2021-07-15,289200,77400,41796.0,9.75,14.3,10.25,18.9,15.3,竹子湖,25.1,31.7,0.0
23.5,36.0,1326900.0,32502170.0,116117.0,1169195.0,1561786.0,2021-07-16,289200,77400,41796.0,9.75,14.3,10.25,18.9,15.3,竹子湖,25.1,31.7,0.0
23.5,36.0,1326900.0,32502170.0,116117.0,1169195.0,1561786.0,2021-07-17,289200,77400,41796.0,9.75,14.3,10.25,18.9,15.3,竹子湖,25.1,31.7,0.0
23.5,36.0,1326900.0,32502170.0,116117.0,1169195.0,1561786.0,2021-07-18,289200,77400,41796.0,9.75,14.3,10.25,18.9,15.3,竹子湖,25.1,31.7,0.0
23.5,36.0,1326900.0,32502170.0,116117.0,1169195.0,1561786.0,2021-07-19,289200,77400,41796.0,9.75,14.3,10.25,18.9,15.35,竹子湖,25.1,31.7,T
23.5,36.0,1326900.0,32502170.0,116117.0,1169195.0,1561786.0,2021-07-20,289200,77400,41796.0,9.75,14.3,10.25,18.9,15.3,竹子湖,25.1,31.7,0.5
23.5,36.0,1326900.0,32502170.0,116117.0,1169195.0,1561786.0,2021-07-21,289200,77400,41796.0,9.75,14.3,10.25,18.9,15.35,竹子湖,25.1,31.7,68.5
23.5,36.0,1326900.0,32502170.0,116117.0,1169195.0,1561786.0,2021-07-22,312300,65500,41796.0,9.75,14.3,10.25,18.9,15.35,竹子湖,25.1,31.7,94.5
23.5,36.0,1326900.0,32502170.0,116117.0,1169195.0,1561786.0,2021-07-23,312300,65500,41796.0,9.75,14.3,10.25,18.9,15.3,竹子湖,25.1,31.7,69.5
23.5,36.0,1326900.0,32502170.0,116117.0,1169195.0,1561786.0,2021-07-24,312300,65500,41796.0,9.75,14.3,10.25,18.9,15.3,竹子湖,25.1,31.7,265.0
23.5,36.0,1326900.0,32502170.0,116117.0,1169195.0,1561786.0,2021-07-25,312300,65500,41796.0,9.75,14.3,10.25,18.9,15.3,竹子湖,25.1,31.7,4.5
23.5,36.0,1326900.0,32502170.0,116117.0,1169195.0,1561786.0,2021-07-26,312300,65500,41796.0,9.75,14.3,10.25,18.9,15.3,竹子湖,25.1,31.7,7.0
23.5,36.0,1326900.0,32502170.0,116117.0,1169195.0,1561786.0,2021-07-27,312300,65500,41796.0,9.75,14.3,10.25,18.9,15.3,竹子湖,25.1,31.7,0.0
23.5,36.0,1326900.0,32502170.0,116117.0,1169195.0,1561786.0,2021-07-28,312300,65500,41796.0,9.75,14.3,10.25,18.9,15.3,竹子湖,25.1,31.7,29.0
23.5,36.0,1326900.0,32502170.0,116117.0,1169195.0,1561786.0,2021-07-29,296600,82800,41796.0,9.75,14.3,10.25,18.9,15.3,竹子湖,25.1,31.7,13.5
23.5,36.0,1326900.0,32502170.0,116117.0,1169195.0,1561786.0,2021-07-30,296600,82800,41796.0,9.75,14.3,10.25,18.9,15.3,竹子湖,25.1,31.7,5.0
23.5,36.0,1326900.0,32502170.0,116117.0,1169195.0,1561786.0,2021-07-31,296600,82800,41796.0,9.75,14.3,10.25,18.9,15.3,竹子湖,25.1,31.7,121.5
23.5,36.0,1073786.0,33249570.0,120618.0,932311.0,1122338.0,2021-08-01,307600,56600,0.0,9.75,14.3,10.25,18.9,15.3,竹子湖,24.5,31.1,T
23.5,36.0,1073786.0,33249570.0,120618.0,932311.0,1122338.0,2021-08-02,307600,56600,0.0,9.75,14.3,10.23,18.9,15.25,竹子湖,24.5,31.1,0.0
23.5,36.0,1073786.0,33249570.0,120618.0,932311.0,1122338.0,2021-08-03,307600,56600,0.0,9.75,14.3,10.2,18.9,15.25,竹子湖,24.5,31.1,18.5
25.5,38.0,1073786.0,33249570.0,120618.0,932311.0,1122338.0,2021-08-04,307600,56600,0.0,9.75,14.3,10.2,18.9,15.23,竹子湖,24.5,31.1,0.0
25.5,38.0,1073786.0,33249570.0,120618.0,932311.0,1122338.0,2021-08-05,307600,56600,0.0,9.75,14.3,10.2,18.9,15.23,竹子湖,24.5,31.1,1.0
25.5,38.0,1073786.0,33249570.0,120618.0,932311.0,1122338.0,2021-08-06,307600,56600,0.0,9.75,14.3,10.2,18.9,15.23,竹子湖,24.5,31.1,12.5
25.5,38.0,1073786.0,33249570.0,120618.0,932311.0,1122338.0,2021-08-07,307600,56600,0.0,9.75,14.3,10.2,18.9,15.23,竹子湖,24.5,31.1,103.5
25.5,38.0,1073786.0,33249570.0,120618.0,932311.0,1122338.0,2021-08-08,348100,69900,0.0,9.75,14.3,10.2,18.9,15.23,竹子湖,24.5,31.1,0.0
25.5,38.0,1073786.0,33249570.0,120618.0,932311.0,1122338.0,2021-08-09,348100,69900,0.0,9.75,14.3,10.2,18.9,15.23,竹子湖,24.5,31.1,9.5
25.5,38.0,1073786.0,33249570.0,120618.0,932311.0,1122338.0,2021-08-10,348100,69900,0.0,9.75,14.3,10.2,18.9,15.23,竹子湖,24.5,31.1,0.0
25.5,38.0,1073786.0,33249570.0,120618.0,932311.0,1122338.0,2021-08-11,348100,69900,0.0,9.75,14.3,10.2,18.9,15.23,竹子湖,24.5,31.1,0.0
25.5,38.0,1073786.0,33249570.0,120618.0,932311.0,1122338.0,2021-08-12,348100,69900,0.0,9.75,14.3,10.2,18.9,15.23,竹子湖,24.5,31.1,0.0
25.5,38.0,1073786.0,33249570.0,120618.0,932311.0,1122338.0,2021-08-13,348100,69900,0.0,9.75,14.3,10.2,18.9,15.23,竹子湖,24.5,31.1,2.5
25.5,38.0,1073786.0,33249570.0,120618.0,932311.0,1122338.0,2021-08-14,348100,69900,0.0,9.75,14.3,10.2,18.9,15.23,竹子湖,24.5,31.1,20.5
25.5,38.0,1073786.0,33249570.0,120618.0,932311.0,1122338.0,2021-08-15,273900,72800,0.0,9.75,14.4,10.2,18.9,15.38,竹子湖,24.5,31.1,0.0
25.5,38.0,1073786.0,33249570.0,120618.0,932311.0,1122338.0,2021-08-16,273900,72800,0.0,9.75,14.4,10.2,18.9,15.38,竹子湖,24.5,31.1,0.0
25.5,38.0,1073786.0,33249570.0,120618.0,932311.0,1122338.0,2021-08-17,273900,72800,0.0,9.75,14.4,10.2,18.9,15.4,竹子湖,24.5,31.1,0.0
25.5,38.0,1073786.0,33249570.0,120618.0,932311.0,1122338.0,2021-08-18,273900,72800,0.0,9.8,14.5,10.2,19.0,15.55,竹子湖,24.5,31.1,4.5
25.5,38.0,1073786.0,33249570.0,120618.0,932311.0,1122338.0,2021-08-19,273900,72800,0.0,9.85,14.5,10.23,19.0,15.55,竹子湖,24.5,31.1,6.0
25.5,38.0,1073786.0,33249570.0,120618.0,932311.0,1122338.0,2021-08-20,273900,72800,0.0,9.85,14.5,10.25,19.0,15.55,竹子湖,24.5,31.1,0.0
25.5,38.0,1073786.0,33249570.0,120618.0,932311.0,1122338.0,2021-08-21,273900,72800,0.0,9.85,14.5,10.25,19.0,15.55,竹子湖,24.5,31.1,0.0
25.5,38.0,1073786.0,33249570.0,120618.0,932311.0,1122338.0,2021-08-22,348400,86500,0.0,9.85,14.5,10.25,19.0,15.55,竹子湖,24.5,31.1,0.0
25.5,38.0,1073786.0,33249570.0,120618.0,932311.0,1122338.0,2021-08-23,348400,86500,0.0,9.85,14.6,10.25,19.0,15.55,竹子湖,24.5,31.1,0.0
25.5,38.0,1073786.0,33249570.0,120618.0,932311.0,1122338.0,2021-08-24,348400,86500,0.0,9.85,14.6,10.25,19.0,15.63,竹子湖,24.5,31.1,2.5
25.5,38.0,1073786.0,33249570.0,120618.0,932311.0,1122338.0,2021-08-25,348400,86500,0.0,9.95,14.7,10.25,19.0,15.75,竹子湖,24.5,31.1,0.0
25.5,38.0,1073786.0,33249570.0,120618.0,932311.0,1122338.0,2021-08-26,348400,86500,0.0,10.0,14.7,10.28,19.0,15.75,竹子湖,24.5,31.1,0.0
25.5,38.0,1073786.0,33249570.0,120618.0,932311.0,1122338.0,2021-08-27,348400,86500,0.0,10.0,14.7,10.3,19.0,15.75,竹子湖,24.5,31.1,0.0
25.5,38.0,1073786.0,33249570.0,120618.0,932311.0,1122338.0,2021-08-28,348400,86500,0.0,10.0,14.7,10.3,19.0,15.75,竹子湖,24.5,31.1,0.0
25.5,38.0,1073786.0,33249570.0,120618.0,932311.0,1122338.0,2021-08-29,348400,86500,0.0,10.15,14.7,10.32,19.0,15.75,竹子湖,24.5,31.1,0.0
25.5,38.0,1073786.0,33249570.0,120618.0,932311.0,1122338.0,2021-08-30,348400,86500,0.0,10.15,14.7,10.32,19.0,15.75,竹子湖,24.5,31.1,0.0
25.5,38.0,1073786.0,33249570.0,120618.0,932311.0,1122338.0,2021-08-31,348400,86500,0.0,10.2,14.7,10.37,19.0,15.75,竹子湖,24.5,31.1,0.0
27.5,38.0,1377828.0,33560475.0,120696.0,929884.0,1364093.0,2021-09-01,258900,83300,,10.2,14.7,10.4,19.0,15.75,竹子湖,24.6,31.8,0.0
27.5,38.0,1377828.0,33560475.0,120696.0,929884.0,1364093.0,2021-09-02,258900,83300,,10.2,14.7,10.43,19.0,15.75,竹子湖,24.6,31.8,0.0
27.5,38.0,1377828.0,33560475.0,120696.0,929884.0,1364093.0,2021-09-03,258900,83300,,10.2,14.7,10.45,19.1,15.75,竹子湖,24.6,31.8,0.0
27.5,38.0,1377828.0,33560475.0,120696.0,929884.0,1364093.0,2021-09-04,258900,83300,,10.2,14.7,10.45,19.1,15.75,竹子湖,24.6,31.8,8.0
27.5,38.0,1377828.0,33560475.0,120696.0,929884.0,1364093.0,2021-09-05,258900,83300,,10.2,14.8,10.45,19.2,15.8,竹子湖,24.6,31.8,0.0
27.5,36.0,1377828.0,33560475.0,120696.0,929884.0,1364093.0,2021-09-06,258900,83300,,10.2,14.8,10.45,19.2,15.8,竹子湖,24.6,31.8,0.0
27.5,36.0,1377828.0,33560475.0,120696.0,929884.0,1364093.0,2021-09-07,258900,83300,,10.2,14.8,10.45,19.2,15.8,竹子湖,24.6,31.8,0.0
27.5,36.0,1377828.0,33560475.0,120696.0,929884.0,1364093.0,2021-09-08,339100,83000,,10.1,14.8,10.45,19.2,15.8,竹子湖,24.6,31.8,0.0
27.5,36.0,1377828.0,33560475.0,120696.0,929884.0,1364093.0,2021-09-09,339100,83000,,10.0,14.8,10.45,19.2,15.8,竹子湖,24.6,31.8,0.0
27.5,36.0,1377828.0,33560475.0,120696.0,929884.0,1364093.0,2021-09-10,339100,83000,,10.0,14.8,10.45,19.2,15.8,竹子湖,24.6,31.8,0.0
27.5,36.0,1377828.0,33560475.0,120696.0,929884.0,1364093.0,2021-09-11,339100,83000,,10.0,14.8,10.45,19.2,15.8,竹子湖,24.6,31.8,6.5
27.5,36.0,1377828.0,33560475.0,120696.0,929884.0,1364093.0,2021-09-12,339100,83000,,10.0,14.8,10.45,19.2,15.8,竹子湖,24.6,31.8,211.0
27.5,36.0,1377828.0,33560475.0,120696.0,929884.0,1364093.0,2021-09-13,339100,83000,,10.0,14.8,10.4,19.2,15.8,竹子湖,24.6,31.8,0.0
25.5,36.0,1377828.0,33560475.0,120696.0,929884.0,1364093.0,2021-09-14,339100,83000,,9.95,14.8,10.4,19.3,15.8,竹子湖,24.6,31.8,0.5
25.5,36.0,1377828.0,33560475.0,120696.0,929884.0,1364093.0,2021-09-15,359000,78900,,9.9,14.8,10.4,19.3,15.8,竹子湖,24.6,31.8,14.0
25.5,36.0,1377828.0,33560475.0,120696.0,929884.0,1364093.0,2021-09-16,359000,78900,,9.9,14.8,10.37,19.3,15.8,竹子湖,24.6,31.8,0.0
25.5,36.0,1377828.0,33560475.0,120696.0,929884.0,1364093.0,2021-09-17,359000,78900,,9.9,14.8,10.37,19.3,15.8,竹子湖,24.6,31.8,0.0
25.5,36.0,1377828.0,33560475.0,120696.0,929884.0,1364093.0,2021-09-18,359000,78900,,9.9,14.8,10.37,19.3,15.8,竹子湖,24.6,31.8,0.0
25.5,36.0,1377828.0,33560475.0,120696.0,929884.0,1364093.0,2021-09-19,359000,78900,,9.9,14.8,10.37,19.3,15.8,竹子湖,24.6,31.8,0.0
25.5,36.0,1377828.0,33560475.0,120696.0,929884.0,1364093.0,2021-09-20,359000,78900,,9.9,14.8,10.37,19.5,15.8,竹子湖,24.6,31.8,0.0
25.5,36.0,1377828.0,33560475.0,120696.0,929884.0,1364093.0,2021-09-21,359000,78900,,9.9,14.8,10.37,19.5,15.8,竹子湖,24.6,31.8,0.0
25.5,36.0,1377828.0,33560475.0,120696.0,929884.0,1364093.0,2021-09-22,359800,82100,,9.9,14.8,10.37,19.5,15.8,竹子湖,24.6,31.8,0.0
25.5,36.0,1377828.0,33560475.0,120696.0,929884.0,1364093.0,2021-09-23,359800,82100,,9.9,14.8,10.37,19.5,15.8,竹子湖,24.6,31.8,0.0
25.5,36.0,1377828.0,33560475.0,120696.0,929884.0,1364093.0,2021-09-24,359800,82100,,9.95,14.8,10.37,19.5,15.8,竹子湖,24.6,31.8,28.5
25.5,36.0,1377828.0,33560475.0,120696.0,929884.0,1364093.0,2021-09-25,359800,82100,,9.95,14.8,10.37,19.5,15.8,竹子湖,24.6,31.8,0.0
25.5,36.0,1377828.0,33560475.0,120696.0,929884.0,1364093.0,2021-09-26,359800,82100,,9.95,15.0,10.4,19.5,15.9,竹子湖,24.6,31.8,0.0
25.5,36.0,1377828.0,33560475.0,120696.0,929884.0,1364093.0,2021-09-27,359800,82100,,9.95,15.0,10.4,19.5,15.9,竹子湖,24.6,31.8,0.0
23.5,36.0,1377828.0,33560475.0,120696.0,929884.0,1364093.0,2021-09-28,359800,82100,,10.0,15.0,10.4,19.5,15.95,竹子湖,24.6,31.8,0.0
23.5,36.0,1377828.0,33560475.0,120696.0,929884.0,1364093.0,2021-09-29,359800,82100,,10.1,15.0,10.43,19.5,16.05,竹子湖,24.6,31.8,0.0
23.5,36.0,1377828.0,33560475.0,120696.0,929884.0,1364093.0,2021-09-30,359800,82100,,10.15,15.0,10.48,19.5,16.05,竹子湖,24.6,31.8,0.0
23.5,36.0,1254112.0,32954719.0,118137.0,1039584.0,1577520.0,2021-10-01,320990,73892,27600.0,10.2,15.0,10.53,19.5,16.05,竹子湖,20.8,29.3,0.0
23.5,36.0,1254112.0,32954719.0,118137.0,1039584.0,1577520.0,2021-10-02,320990,73892,27600.0,10.2,15.0,10.53,19.5,16.05,竹子湖,20.8,29.3,0.0
23.5,36.0,1254112.0,32954719.0,118137.0,1039584.0,1577520.0,2021-10-03,320990,73892,27600.0,10.2,15.2,10.56,19.6,16.2,竹子湖,20.8,29.3,0.0
23.5,36.0,1254112.0,32954719.0,118137.0,1039584.0,1577520.0,2021-10-04,320990,73892,27600.0,10.2,15.2,10.56,19.6,16.2,竹子湖,20.8,29.3,0.0
23.5,36.0,1254112.0,32954719.0,118137.0,1039584.0,1577520.0,2021-10-05,320990,73892,27600.0,10.2,15.2,10.56,19.6,16.25,竹子湖,20.8,29.3,13.0
23.5,36.0,1254112.0,32954719.0,118137.0,1039584.0,1577520.0,2021-10-06,320990,73892,27600.0,10.3,15.2,10.61,19.6,16.25,竹子湖,20.8,29.3,6.0
23.5,36.0,1254112.0,32954719.0,118137.0,1039584.0,1577520.0,2021-10-07,320990,73892,27600.0,10.4,15.3,10.66,19.6,16.3,竹子湖,20.8,29.3,0.0
23.5,36.0,1254112.0,32954719.0,118137.0,1039584.0,1577520.0,2021-10-08,333800,97127,27600.0,10.4,15.3,10.69,19.6,16.38,竹子湖,20.8,29.3,0.0
23.5,36.0,1254112.0,32954719.0,118137.0,1039584.0,1577520.0,2021-10-09,333800,97127,27600.0,10.4,15.3,10.69,19.6,16.38,竹子湖,20.8,29.3,0.0
23.5,36.0,1254112.0,32954719.0,118137.0,1039584.0,1577520.0,2021-10-10,333800,97127,27600.0,10.4,15.3,10.69,19.6,16.38,竹子湖,20.8,29.3,9.0
23.5,36.0,1254112.0,32954719.0,118137.0,1039584.0,1577520.0,2021-10-11,333800,97127,27600.0,10.4,15.4,10.69,19.7,16.38,竹子湖,20.8,29.3,153.5
23.5,36.0,1254112.0,32954719.0,118137.0,1039584.0,1577520.0,2021-10-12,333800,97127,27600.0,10.4,15.4,10.69,19.7,16.38,竹子湖,20.8,29.3,85.0
23.5,36.0,1254112.0,32954719.0,118137.0,1039584.0,1577520.0,2021-10-13,333800,97127,27600.0,10.4,15.4,10.69,19.7,16.4,竹子湖,20.8,29.3,6.5
23.5,36.0,1254112.0,32954719.0,118137.0,1039584.0,1577520.0,2021-10-14,333800,97127,27600.0,10.4,15.4,10.69,19.7,16.4,竹子湖,20.8,29.3,0.0
23.5,36.0,1254112.0,32954719.0,118137.0,1039584.0,1577520.0,2021-10-15,298596,79031,27600.0,10.4,15.4,10.69,19.7,16.4,竹子湖,20.8,29.3,0.0
23.5,36.0,1254112.0,32954719.0,118137.0,1039584.0,1577520.0,2021-10-16,298596,79031,27600.0,10.4,15.4,10.69,19.7,16.38,竹子湖,20.8,29.3,67.0
23.5,36.0,1254112.0,32954719.0,118137.0,1039584.0,1577520.0,2021-10-17,298596,79031,27600.0,10.4,15.4,10.69,19.7,16.38,竹子湖,20.8,29.3,78.5
23.5,36.0,1254112.0,32954719.0,118137.0,1039584.0,1577520.0,2021-10-18,298596,79031,27600.0,10.4,15.4,10.69,19.7,16.45,竹子湖,20.8,29.3,5.5
23.5,36.0,1254112.0,32954719.0,118137.0,1039584.0,1577520.0,2021-10-19,298596,79031,27600.0,10.5,15.5,10.74,19.7,16.45,竹子湖,20.8,29.3,0.5
23.5,36.0,1254112.0,32954719.0,118137.0,1039584.0,1577520.0,2021-10-20,298596,79031,27600.0,10.55,15.5,10.74,19.7,16.5,竹子湖,20.8,29.3,1.0
23.5,36.0,1254112.0,32954719.0,118137.0,1039584.0,1577520.0,2021-10-21,298596,79031,27600.0,10.6,15.5,10.79,19.7,16.5,竹子湖,20.8,29.3,19.5
23.5,36.0,1254112.0,32954719.0,118137.0,1039584.0,1577520.0,2021-10-22,319239,99632,27600.0,10.6,15.5,10.84,19.7,16.5,竹子湖,20.8,29.3,74.0
23.5,36.0,1254112.0,32954719.0,118137.0,1039584.0,1577520.0,2021-10-23,319239,99632,27600.0,10.6,15.5,10.84,19.7,16.5,竹子湖,20.8,29.3,22.0
23.5,36.0,1254112.0,32954719.0,118137.0,1039584.0,1577520.0,2021-10-24,319239,99632,27600.0,10.6,15.5,10.84,19.7,16.5,竹子湖,20.8,29.3,28.5
23.5,36.0,1254112.0,32954719.0,118137.0,1039584.0,1577520.0,2021-10-25,319239,99632,27600.0,10.6,15.5,10.84,19.7,16.5,竹子湖,20.8,29.3,23.0
23.5,36.0,1254112.0,32954719.0,118137.0,1039584.0,1577520.0,2021-10-26,319239,99632,27600.0,10.6,15.5,10.84,19.8,16.5,竹子湖,20.8,29.3,0.0
26.5,36.0,1254112.0,32954719.0,118137.0,1039584.0,1577520.0,2021-10-27,319239,99632,27600.0,10.65,15.5,10.84,19.9,16.6,竹子湖,20.8,29.3,0.5
26.5,36.0,1254112.0,32954719.0,118137.0,1039584.0,1577520.0,2021-10-28,319239,99632,27600.0,10.8,15.5,10.89,19.9,16.6,竹子湖,20.8,29.3,0.0
26.5,36.0,1254112.0,32954719.0,118137.0,1039584.0,1577520.0,2021-10-29,308568,68479,27600.0,10.8,15.6,11.01,19.9,16.6,竹子湖,20.8,29.3,1.0
26.5,36.0,1254112.0,32954719.0,118137.0,1039584.0,1577520.0,2021-10-30,308568,68479,27600.0,10.8,15.6,11.01,19.9,16.6,竹子湖,20.8,29.3,1.0
26.5,36.0,1254112.0,32954719.0,118137.0,1039584.0,1577520.0,2021-10-31,308568,68479,27600.0,11.05,15.6,11.13,20.1,16.8,竹子湖,20.8,29.3,3.0
26.5,36.0,1575460.0,33527018.0,122632.0,1053858.0,925677.0,2021-11-01,358624,98999,25840.0,11.05,15.6,11.13,20.1,16.8,竹子湖,16.5,25.1,1.0
26.5,36.0,1575460.0,33527018.0,122632.0,1053858.0,925677.0,2021-11-02,358624,98999,25840.0,11.2,15.7,11.28,20.1,16.9,竹子湖,16.5,25.1,1.0
28.5,36.0,1575460.0,33527018.0,122632.0,1053858.0,925677.0,2021-11-03,358624,98999,25840.0,11.25,15.7,11.43,20.1,16.9,竹子湖,16.5,25.1,0.0
28.5,36.0,1575460.0,33527018.0,122632.0,1053858.0,925677.0,2021-11-04,358624,98999,25840.0,11.35,15.7,11.51,20.1,16.9,竹子湖,16.5,25.1,0.5
28.5,36.0,1575460.0,33527018.0,122632.0,1053858.0,925677.0,2021-11-05,358624,98999,25840.0,11.45,15.7,11.63,20.1,16.9,竹子湖,16.5,25.1,0.0
28.5,36.0,1575460.0,33527018.0,122632.0,1053858.0,925677.0,2021-11-06,358624,98999,25840.0,11.45,15.7,11.63,20.1,16.9,竹子湖,16.5,25.1,T
28.5,36.0,1575460.0,33527018.0,122632.0,1053858.0,925677.0,2021-11-07,358624,98999,25840.0,11.48,15.8,11.75,20.2,16.9,竹子湖,16.5,25.1,0.0
28.5,36.0,1575460.0,33527018.0,122632.0,1053858.0,925677.0,2021-11-08,342133,80021,25840.0,11.48,15.8,11.75,20.2,16.9,竹子湖,16.5,25.1,16.0
28.5,36.0,1575460.0,33527018.0,122632.0,1053858.0,925677.0,2021-11-09,342133,80021,25840.0,11.55,15.8,11.8,20.2,17.0,竹子湖,16.5,25.1,0.0
28.5,36.0,1575460.0,33527018.0,122632.0,1053858.0,925677.0,2021-11-10,342133,80021,25840.0,11.55,15.9,11.85,20.3,17.0,竹子湖,16.5,25.1,0.0
28.5,36.0,1575460.0,33527018.0,122632.0,1053858.0,925677.0,2021-11-11,342133,80021,25840.0,11.6,15.9,11.87,20.3,17.0,竹子湖,16.5,25.1,0.0
28.5,36.0,1575460.0,33527018.0,122632.0,1053858.0,925677.0,2021-11-12,342133,80021,25840.0,11.6,15.9,11.9,20.3,17.0,竹子湖,16.5,25.1,2.5
28.5,36.0,1575460.0,33527018.0,122632.0,1053858.0,925677.0,2021-11-13,342133,80021,25840.0,11.6,15.9,11.9,20.3,17.0,竹子湖,16.5,25.1,16.0
28.5,36.0,1575460.0,33527018.0,122632.0,1053858.0,925677.0,2021-11-14,342133,80021,25840.0,11.65,15.9,11.93,20.5,17.1,竹子湖,16.5,25.1,0.0
28.5,36.0,1575460.0,33527018.0,122632.0,1053858.0,925677.0,2021-11-15,353553,79462,25840.0,11.65,15.9,11.93,20.5,17.1,竹子湖,16.5,25.1,0.0
28.5,36.0,1575460.0,33527018.0,122632.0,1053858.0,925677.0,2021-11-16,353553,79462,25840.0,11.65,16.0,11.98,20.5,17.1,竹子湖,16.5,25.1,0.0
30.5,36.0,1575460.0,33527018.0,122632.0,1053858.0,925677.0,2021-11-17,353553,79462,25840.0,11.65,16.0,11.98,20.5,17.1,竹子湖,16.5,25.1,0.0
30.5,36.0,1575460.0,33527018.0,122632.0,1053858.0,925677.0,2021-11-18,353553,79462,25840.0,11.65,16.0,12.0,20.5,17.1,竹子湖,16.5,25.1,5.0
30.5,36.0,1575460.0,33527018.0,122632.0,1053858.0,925677.0,2021-11-19,353553,79462,25840.0,11.65,16.0,12.02,20.5,17.1,竹子湖,16.5,25.1,7.5
30.5,36.0,1575460.0,33527018.0,122632.0,1053858.0,925677.0,2021-11-20,353553,79462,25840.0,11.65,16.0,12.02,20.5,17.1,竹子湖,16.5,25.1,27.5
30.5,36.0,1575460.0,33527018.0,122632.0,1053858.0,925677.0,2021-11-21,353553,79462,25840.0,11.65,16.0,12.04,20.5,17.1,竹子湖,16.5,25.1,0.0
30.5,36.0,1575460.0,33527018.0,122632.0,1053858.0,925677.0,2021-11-22,278756,54131,25840.0,11.65,16.0,12.04,20.5,17.1,竹子湖,16.5,25.1,25.0
30.5,36.0,1575460.0,33527018.0,122632.0,1053858.0,925677.0,2021-11-23,278756,54131,25840.0,11.65,16.0,12.06,20.5,17.1,竹子湖,16.5,25.1,16.0
30.5,36.0,1575460.0,33527018.0,122632.0,1053858.0,925677.0,2021-11-24,278756,54131,25840.0,11.7,16.0,12.08,20.5,17.1,竹子湖,16.5,25.1,0.0
30.5,36.0,1575460.0,33527018.0,122632.0,1053858.0,925677.0,2021-11-25,278756,54131,25840.0,11.75,16.0,12.11,20.5,17.1,竹子湖,16.5,25.1,1.0
30.5,36.0,1575460.0,33527018.0,122632.0,1053858.0,925677.0,2021-11-26,278756,54131,25840.0,11.75,16.0,12.15,20.5,17.1,竹子湖,16.5,25.1,20.0
30.5,36.0,1575460.0,33527018.0,122632.0,1053858.0,925677.0,2021-11-27,278756,54131,25840.0,11.75,16.0,12.15,20.5,17.1,竹子湖,16.5,25.1,33.5
30.5,36.0,1575460.0,33527018.0,122632.0,1053858.0,925677.0,2021-11-28,278756,54131,25840.0,11.85,16.0,12.17,20.5,17.1,竹子湖,16.5,25.1,2.5
30.5,36.0,1575460.0,33527018.0,122632.0,1053858.0,925677.0,2021-11-29,278756,54131,25840.0,11.85,16.0,12.17,20.5,17.1,竹子湖,16.5,25.1,0.5
30.5,36.0,1575460.0,33527018.0,122632.0,1053858.0,925677.0,2021-11-30,278756,54131,25840.0,11.9,16.0,12.25,20.5,17.1,竹子湖,16.5,25.1,6.5
32.5,36.0,1508459.0,33574033.0,122899.0,1211918.0,715929.0,2021-12-01,327903,86231,,12.0,16.0,12.3,20.5,17.1,竹子湖,13.5,22.9,0.5
32.5,36.0,1508459.0,33574033.0,122899.0,1211918.0,715929.0,2021-12-02,327903,86231,,12.05,16.0,12.4,20.6,17.1,竹子湖,13.5,22.9,1.5
32.5,36.0,1508459.0,33574033.0,122899.0,1211918.0,715929.0,2021-12-03,327903,86231,,12.17,16.0,12.45,20.6,17.1,竹子湖,13.5,22.9,0.0
32.5,36.0,1508459.0,33574033.0,122899.0,1211918.0,715929.0,2021-12-04,327903,86231,,12.17,16.0,12.45,20.6,17.1,竹子湖,13.5,22.9,0.0
32.5,36.0,1508459.0,33574033.0,122899.0,1211918.0,715929.0,2021-12-05,327903,86231,,12.3,16.0,12.55,20.6,17.1,竹子湖,13.5,22.9,17.0
32.5,36.0,1508459.0,33574033.0,122899.0,1211918.0,715929.0,2021-12-06,327903,86231,,12.3,16.0,12.55,20.6,17.1,竹子湖,13.5,22.9,60.5
32.5,36.0,1508459.0,33574033.0,122899.0,1211918.0,715929.0,2021-12-07,327903,86231,,12.5,16.0,12.65,20.6,17.1,竹子湖,13.5,22.9,16.5
32.5,36.0,1508459.0,33574033.0,122899.0,1211918.0,715929.0,2021-12-08,339265,81632,,12.75,16.0,12.75,20.6,17.1,竹子湖,13.5,22.9,0.0
32.5,36.0,1508459.0,33574033.0,122899.0,1211918.0,715929.0,2021-12-09,339265,81632,,12.9,16.0,12.9,20.6,17.1,竹子湖,13.5,22.9,0.5
32.5,36.0,1508459.0,33574033.0,122899.0,1211918.0,715929.0,2021-12-10,339265,81632,,13.05,16.0,13.05,20.6,17.1,竹子湖,13.5,22.9,6.0
32.5,36.0,1508459.0,33574033.0,122899.0,1211918.0,715929.0,2021-12-11,339265,81632,,13.05,16.0,13.05,20.6,17.1,竹子湖,13.5,22.9,11.5
32.5,36.0,1508459.0,33574033.0,122899.0,1211918.0,715929.0,2021-12-12,339265,81632,,13.25,16.0,13.2,20.6,17.1,竹子湖,13.5,22.9,60.0
32.5,36.0,1508459.0,33574033.0,122899.0,1211918.0,715929.0,2021-12-13,339265,81632,,13.25,16.0,13.2,20.6,17.1,竹子湖,13.5,22.9,36.0
32.5,36.0,1508459.0,33574033.0,122899.0,1211918.0,715929.0,2021-12-14,339265,81632,,13.5,16.0,13.35,20.6,17.1,竹子湖,13.5,22.9,1.0
32.5,36.0,1508459.0,33574033.0,122899.0,1211918.0,715929.0,2021-12-15,369062,91256,,13.6,16.0,13.35,20.6,17.1,竹子湖,13.5,22.9,0.0
32.5,38.0,1508459.0,33574033.0,122899.0,1211918.0,715929.0,2021-12-16,369062,91256,,13.65,16.0,13.6,20.6,17.1,竹子湖,13.5,22.9,0.0
32.5,38.0,1508459.0,33574033.0,122899.0,1211918.0,715929.0,2021-12-17,369062,91256,,13.7,16.0,13.8,20.6,17.1,竹子湖,13.5,22.9,19.0
32.5,38.0,1508459.0,33574033.0,122899.0,1211918.0,715929.0,2021-12-18,369062,91256,,13.7,16.0,13.8,20.6,17.1,竹子湖,13.5,22.9,9.0
32.5,38.0,1508459.0,33574033.0,122899.0,1211918.0,715929.0,2021-12-19,369062,91256,,13.75,16.0,13.9,20.8,17.2,竹子湖,13.5,22.9,0.0
32.5,38.0,1508459.0,33574033.0,122899.0,1211918.0,715929.0,2021-12-20,369062,91256,,13.75,16.0,13.9,20.8,17.2,竹子湖,13.5,22.9,0.5
32.5,38.0,1508459.0,33574033.0,122899.0,1211918.0,715929.0,2021-12-21,369062,91256,,13.8,16.0,14.0,20.8,17.2,竹子湖,13.5,22.9,19.5
34.5,38.0,1508459.0,33574033.0,122899.0,1211918.0,715929.0,2021-12-22,382887,52913,,13.85,16.2,14.1,20.8,17.4,竹子湖,13.5,22.9,15.5
34.5,38.0,1508459.0,33574033.0,122899.0,1211918.0,715929.0,2021-12-23,382887,52913,,14.0,16.2,14.2,20.8,17.5,竹子湖,13.5,22.9,0.5
34.5,38.0,1508459.0,33574033.0,122899.0,1211918.0,715929.0,2021-12-24,382887,52913,,14.1,16.2,14.25,20.8,17.5,竹子湖,13.5,22.9,1.5
34.5,38.0,1508459.0,33574033.0,122899.0,1211918.0,715929.0,2021-12-25,382887,52913,,14.1,16.2,14.25,20.8,17.5,竹子湖,13.5,22.9,67.5
34.5,38.0,1508459.0,33574033.0,122899.0,1211918.0,715929.0,2021-12-26,382887,52913,,14.2,16.3,14.45,20.9,17.5,竹子湖,13.5,22.9,92.5
34.5,38.0,1508459.0,33574033.0,122899.0,1211918.0,715929.0,2021-12-27,382887,52913,,14.2,16.3,14.45,20.9,17.5,竹子湖,13.5,22.9,21.5
34.5,38.0,1508459.0,33574033.0,122899.0,1211918.0,715929.0,2021-12-28,382887,52913,,14.3,16.5,14.55,20.9,17.7,竹子湖,13.5,22.9,1.0
34.5,38.0,1508459.0,33574033.0,122899.0,1211918.0,715929.0,2021-12-29,382887,52913,,14.5,16.7,14.65,20.9,17.9,竹子湖,13.5,22.9,0.0
34.5,38.0,1508459.0,33574033.0,122899.0,1211918.0,715929.0,2021-12-30,382887,52913,,14.8,16.7,14.85,20.9,17.9,竹子湖,13.5,22.9,0.5
34.5,38.0,1508459.0,33574033.0,122899.0,1211918.0,715929.0,2021-12-31,382887,52913,,14.8,16.7,14.85,20.9,17.9,竹子湖,13.5,22.9,0.5
